{
  "funnel": {
    "events": 5841,
    "have_hist": 5841,
    "have_feat": 5839,
    "passed_filter": 33,
    "entered": 33,
    "stop_ok": 27,
    "price_ok": 33
  },
  "results": {
    "IS_2022_2024": {
      "metrics": {
        "period": "IS_2022_2024",
        "n_trades": 21,
        "total_return_pct": 0.6600885093537512,
        "cagr_pct": 0.2329653279206756,
        "max_drawdown_pct": -1.7620338918251635,
        "sharpe": 0.241981536140331,
        "win_rate_pct": 47.61904761904761,
        "n_wins": 10,
        "n_losses": 11,
        "expectancy_pct": 0.5878483906470706,
        "median_return_pct": -0.2910773774209563,
        "profit_factor": 1.2662933743154254,
        "avg_hold_sessions": 13.714285714285714,
        "avg_invested_frac_pct": 2.0589496451092533,
        "pct_days_invested": 29.91573033707865,
        "turnover_annual_x": 0.367285299689953,
        "slippage_cost_$": 208.15591820378768,
        "largest_winner_contrib_pct": 16.820233874423177,
        "top5_winner_contrib_pct": 65.2078028067686,
        "expectancy_ex_top1_pct": 0.13562514690110328,
        "expectancy_ex_top5_pct": -1.5830935438955105,
        "missed_signals": {
          "already_open": 0,
          "cash": 0,
          "sector": 0,
          "zero_shares": 0
        }
      },
      "recon": "True",
      "daily_problems": [],
      "n_signals": 21
    },
    "OOS_2025": {
      "metrics": {
        "period": "OOS_2025",
        "n_trades": 6,
        "total_return_pct": 0.06805493998136569,
        "cagr_pct": 0.08225766898817266,
        "max_drawdown_pct": -0.679921129979603,
        "sharpe": 0.08719273842191025,
        "win_rate_pct": 50.0,
        "n_wins": 3,
        "n_losses": 3,
        "expectancy_pct": 0.8749356367926989,
        "median_return_pct": -0.046287706813707974,
        "profit_factor": 1.4899537524213224,
        "avg_hold_sessions": 14.5,
        "avg_invested_frac_pct": 2.0915338944868695,
        "pct_days_invested": 29.04761904761905,
        "turnover_annual_x": 0.3588144158692509,
        "slippage_cost_$": 59.738039525370645,
        "largest_winner_contrib_pct": 79.17841482735811,
        "top5_winner_contrib_pct": 70.46908968715219,
        "expectancy_ex_top1_pct": -1.4574553658779266,
        "expectancy_ex_top5_pct": -5.929855334794876,
        "missed_signals": {
          "already_open": 0,
          "cash": 0,
          "sector": 0,
          "zero_shares": 0
        }
      },
      "recon": "True",
      "daily_problems": [],
      "n_signals": 6
    }
  },
  "manual_checks": [
    {
      "ticker": "UBER",
      "earn_date": "2023-02-08",
      "ann_date": "2023-02-08",
      "gap_recomputed": 7.25,
      "volratio_recomputed": 4.87,
      "range_pos_recomputed": 0.76,
      "ann_ret_recomputed": 5.53,
      "entry_date_engine": "2023-02-09",
      "entry_date_manual": "2023-02-09",
      "entry_open_manual": 36.89,
      "buy_price_engine_incl_slip": 36.93,
      "exit_reason": "struct_stop",
      "exit_date": "2023-02-10",
      "net_return_pct_engine": -6.94,
      "match_entry_date": true,
      "gap_ge_5": true,
      "vol_ge_2": true,
      "open_above_20dhigh": true,
      "range_ge_075": true,
      "annret_ge_4": true
    },
    {
      "ticker": "LDOS",
      "earn_date": "2024-10-29",
      "ann_date": "2024-10-29",
      "gap_recomputed": 7.23,
      "volratio_recomputed": 3.63,
      "range_pos_recomputed": 0.89,
      "ann_ret_recomputed": 9.5,
      "entry_date_engine": "2024-10-30",
      "entry_date_manual": "2024-10-30",
      "entry_open_manual": 184.62,
      "buy_price_engine_incl_slip": 184.81,
      "exit_reason": "struct_stop",
      "exit_date": "2024-11-14",
      "net_return_pct_engine": -5.97,
      "match_entry_date": true,
      "gap_ge_5": true,
      "vol_ge_2": true,
      "open_above_20dhigh": true,
      "range_ge_075": true,
      "annret_ge_4": true
    },
    {
      "ticker": "TGT",
      "earn_date": "2023-11-15",
      "ann_date": "2023-11-15",
      "gap_recomputed": 13.8,
      "volratio_recomputed": 7.77,
      "range_pos_recomputed": 0.84,
      "ann_ret_recomputed": 17.75,
      "entry_date_engine": "2023-11-16",
      "entry_date_manual": "2023-11-16",
      "entry_open_manual": 116.08,
      "buy_price_engine_incl_slip": 116.2,
      "exit_reason": "time_stop",
      "exit_date": "2023-12-15",
      "net_return_pct_engine": 8.51,
      "match_entry_date": true,
      "gap_ge_5": true,
      "vol_ge_2": true,
      "open_above_20dhigh": true,
      "range_ge_075": true,
      "annret_ge_4": true
    },
    {
      "ticker": "KVUE",
      "earn_date": "2024-08-06",
      "ann_date": "2024-08-06",
      "gap_recomputed": 10.78,
      "volratio_recomputed": 2.6,
      "range_pos_recomputed": 0.94,
      "ann_ret_recomputed": 14.68,
      "entry_date_engine": "2024-08-07",
      "entry_date_manual": "2024-08-07",
      "entry_open_manual": 19.05,
      "buy_price_engine_incl_slip": 19.07,
      "exit_reason": "time_stop",
      "exit_date": "2024-09-05",
      "net_return_pct_engine": 9.63,
      "match_entry_date": true,
      "gap_ge_5": true,
      "vol_ge_2": true,
      "open_above_20dhigh": true,
      "range_ge_075": true,
      "annret_ge_4": true
    },
    {
      "ticker": "TGT",
      "earn_date": "2023-11-15",
      "ann_date": "2023-11-15",
      "gap_recomputed": 13.8,
      "volratio_recomputed": 7.77,
      "range_pos_recomputed": 0.84,
      "ann_ret_recomputed": 17.75,
      "entry_date_engine": "2023-11-16",
      "entry_date_manual": "2023-11-16",
      "entry_open_manual": 116.08,
      "buy_price_engine_incl_slip": 116.2,
      "exit_reason": "time_stop",
      "exit_date": "2023-12-15",
      "net_return_pct_engine": 8.51,
      "match_entry_date": true,
      "gap_ge_5": true,
      "vol_ge_2": true,
      "open_above_20dhigh": true,
      "range_ge_075": true,
      "annret_ge_4": true
    }
  ]
}